{
  "cluster_0": {
    "Dance": 3.14044943820225,
    "Folk": 1.54494382022472,
    "Country": 1.69662921348315,
    "Classical music": 2.20786516853933,
    "Musical": 1.78089887640449,
    "Pop": 3.3876404494382,
    "Rock": 3.1685393258427,
    "Metal or Hardrock": 1.89887640449438,
    "Punk": 2.01123595505618,
    "Hiphop, Rap": 3.2752808988764,
    "Reggae, Ska": 2.29775280898876,
    "Swing, Jazz": 1.89887640449438,
    "Rock n roll": 2.33707865168539,
    "Alternative": 2.14606741573034,
    "Latino": 1.88202247191011,
    "Techno, Trance": 2.8314606741573,
    "Opera": 1.46629213483146,
    "Horror": 3.30337078651685,
    "Thriller": 3.75280898876404,
    "Comedy": 4.43820224719101,
    "Romantic": 2.65730337078652,
    "Sci-fi": 3.32022471910112,
    "War": 3.65168539325843,
    "Fantasy/Fairy tales": 2.69662921348315,
    "Animated": 2.92134831460674,
    "Documentary": 3.46629213483146,
    "Western": 2.14606741573034,
    "Action": 4.0561797752809
  },
  "cluster_1": {
    "Dance": 3.69911504424779,
    "Folk": 2.00884955752212,
    "Country": 1.85840707964602,
    "Classical music": 2.30973451327434,
    "Musical": 2.89823008849558,
    "Pop": 4.16371681415929,
    "Rock": 3.19911504424779,
    "Metal or Hardrock": 1.43362831858407,
    "Punk": 1.7212389380531,
    "Hiphop, Rap": 3.37610619469027,
    "Reggae, Ska": 2.61061946902655,
    "Swing, Jazz": 2.3141592920354,
    "Rock n roll": 2.63716814159292,
    "Alternative": 1.98672566371681,
    "Latino": 3.47787610619469,
    "Techno, Trance": 2.32300884955752,
    "Opera": 1.66371681415929,
    "Horror": 2.58849557522124,
    "Thriller": 3.07522123893805,
    "Comedy": 4.82300884955752,
    "Romantic": 4.24778761061947,
    "Sci-fi": 2.5353982300885,
    "War": 2.28761061946903,
    "Fantasy/Fairy tales": 4.21681415929204,
    "Animated": 4.08849557522124,
    "Documentary": 3.10176991150442,
    "Western": 1.5,
    "Action": 3.13716814159292
  },
  "cluster_2": {
    "Dance": 2.85496183206107,
    "Folk": 3.27480916030534,
    "Country": 2.52671755725191,
    "Classical music": 4.0763358778626,
    "Musical": 3.69465648854962,
    "Pop": 3.22137404580153,
    "Rock": 3.47328244274809,
    "Metal or Hardrock": 1.75572519083969,
    "Punk": 1.90076335877863,
    "Hiphop, Rap": 2.23664122137405,
    "Reggae, Ska": 2.48091603053435,
    "Swing, Jazz": 3.54961832061069,
    "Rock n roll": 3.41221374045802,
    "Alternative": 3.32824427480916,
    "Latino": 3.38167938931298,
    "Techno, Trance": 2,
    "Opera": 3.26717557251908,
    "Horror": 1.79389312977099,
    "Thriller": 2.53435114503817,
    "Comedy": 4.20610687022901,
    "Romantic": 3.82442748091603,
    "Sci-fi": 2.62595419847328,
    "War": 2.88549618320611,
    "Fantasy/Fairy tales": 4.12213740458015,
    "Animated": 3.74809160305344,
    "Documentary": 4.12213740458015,
    "Western": 2.04580152671756,
    "Action": 2.77099236641221
  },
  "cluster_3": {
    "Dance": 2.11330049261084,
    "Folk": 2.20197044334975,
    "Country": 1.99014778325123,
    "Classical music": 3.17733990147783,
    "Musical": 2.45812807881773,
    "Pop": 2.68472906403941,
    "Rock": 4.69950738916256,
    "Metal or Hardrock": 3.59605911330049,
    "Punk": 3.49753694581281,
    "Hiphop, Rap": 1.91625615763547,
    "Reggae, Ska": 2.80295566502463,
    "Swing, Jazz": 2.88669950738916,
    "Rock n roll": 3.66009852216749,
    "Alternative": 3.92610837438424,
    "Latino": 2.12315270935961,
    "Techno, Trance": 1.60098522167488,
    "Opera": 2.1871921182266,
    "Horror": 2.66995073891626,
    "Thriller": 3.42857142857143,
    "Comedy": 4.26108374384237,
    "Romantic": 3.10344827586207,
    "Sci-fi": 3.10837438423645,
    "War": 3.11822660098522,
    "Fantasy/Fairy tales": 3.57142857142857,
    "Animated": 3.78325123152709,
    "Documentary": 3.70443349753695,
    "Western": 1.97536945812808,
    "Action": 3.2512315270936
  },
  "cluster_4": {
    "Dance": 3.58426966292135,
    "Folk": 2.73595505617978,
    "Country": 2.82584269662921,
    "Classical music": 3.52247191011236,
    "Musical": 3.29775280898876,
    "Pop": 3.78089887640449,
    "Rock": 4.23033707865169,
    "Metal or Hardrock": 3.03370786516854,
    "Punk": 3.02808988764045,
    "Hiphop, Rap": 3.49438202247191,
    "Reggae, Ska": 3.57865168539326,
    "Swing, Jazz": 3.47191011235955,
    "Rock n roll": 3.91011235955056,
    "Alternative": 3.12359550561798,
    "Latino": 3.50561797752809,
    "Techno, Trance": 2.85393258426966,
    "Opera": 2.64044943820225,
    "Horror": 3.30337078651685,
    "Thriller": 3.95505617977528,
    "Comedy": 4.60674157303371,
    "Romantic": 3.59550561797753,
    "Sci-fi": 3.93258426966292,
    "War": 3.99438202247191,
    "Fantasy/Fairy tales": 4.19101123595506,
    "Animated": 4.29213483146067,
    "Documentary": 4.08988764044944,
    "Western": 3.02808988764045,
    "Action": 4.25280898876405
  }
}
